<?xml version="1.0" encoding="UTF-8"?>
<root>
  <item name="com.moofficial.moessentials.MoEssentials.MoUI.MoDrawable.MoDrawableBuilder com.moofficial.moessentials.MoEssentials.MoUI.MoDrawable.MoDrawableBuilder shape(int) 0">
    <annotation name="androidx.annotation.IntDef">
      <val name="value" val="{android.graphics.drawable.GradientDrawable.RECTANGLE, android.graphics.drawable.GradientDrawable.OVAL, android.graphics.drawable.GradientDrawable.LINE, android.graphics.drawable.GradientDrawable.RING}" />
    </annotation>
  </item>
  <item name="com.moofficial.moessentials.MoEssentials.MoUI.MoDrawable.MoDrawableBuilder shape">
    <annotation name="androidx.annotation.IntDef">
      <val name="value" val="{android.graphics.drawable.GradientDrawable.RECTANGLE, android.graphics.drawable.GradientDrawable.OVAL, android.graphics.drawable.GradientDrawable.LINE, android.graphics.drawable.GradientDrawable.RING}" />
    </annotation>
  </item>
  <item name="com.moofficial.moessentials.MoEssentials.MoUI.MoDrawable.MoDrawableBuilder.DrawableShape">
    <annotation name="androidx.annotation.IntDef">
      <val name="value" val="{android.graphics.drawable.GradientDrawable.RECTANGLE, android.graphics.drawable.GradientDrawable.OVAL, android.graphics.drawable.GradientDrawable.LINE, android.graphics.drawable.GradientDrawable.RING}" />
    </annotation>
  </item>
  <item name="com.moofficial.moessentials.MoEssentials.MoUI.MoRecyclerView.MoRecyclerView layoutManagerType">
    <annotation name="androidx.annotation.IntDef">
      <val name="value" val="{com.moofficial.moessentials.MoEssentials.MoUI.MoRecyclerView.MoRecyclerView.LINEAR_LAYOUT_MANAGER, com.moofficial.moessentials.MoEssentials.MoUI.MoRecyclerView.MoRecyclerView.GRID_LAYOUT_MANAGER, com.moofficial.moessentials.MoEssentials.MoUI.MoRecyclerView.MoRecyclerView.STAGGERED_GRID_LAYOUT_MANAGER}" />
    </annotation>
  </item>
  <item name="com.moofficial.moessentials.MoEssentials.MoUI.MoRecyclerView.MoRecyclerView void switchLayoutManager(int) 0">
    <annotation name="androidx.annotation.IntDef">
      <val name="value" val="{com.moofficial.moessentials.MoEssentials.MoUI.MoRecyclerView.MoRecyclerView.LINEAR_LAYOUT_MANAGER, com.moofficial.moessentials.MoEssentials.MoUI.MoRecyclerView.MoRecyclerView.GRID_LAYOUT_MANAGER, com.moofficial.moessentials.MoEssentials.MoUI.MoRecyclerView.MoRecyclerView.STAGGERED_GRID_LAYOUT_MANAGER}" />
    </annotation>
  </item>
  <item name="com.moofficial.moessentials.MoEssentials.MoUI.MoRecyclerView.MoRecyclerView.LayoutManagerType">
    <annotation name="androidx.annotation.IntDef">
      <val name="value" val="{com.moofficial.moessentials.MoEssentials.MoUI.MoRecyclerView.MoRecyclerView.LINEAR_LAYOUT_MANAGER, com.moofficial.moessentials.MoEssentials.MoUI.MoRecyclerView.MoRecyclerView.GRID_LAYOUT_MANAGER, com.moofficial.moessentials.MoEssentials.MoUI.MoRecyclerView.MoRecyclerView.STAGGERED_GRID_LAYOUT_MANAGER}" />
    </annotation>
  </item>
</root>

